INSERT INTO BRAND (NAME) VALUES('Samsung');
INSERT INTO BRAND (NAME) VALUES('Sony');
INSERT INTO BRAND (NAME) VALUES('LG');

INSERT INTO CATHEGORY (NAME) VALUES('Smartphone');

INSERT INTO PRODUCT (BRANDID,CATHEGORYID,NAME,COLOR,PRICE,GRADE) VALUES(1,1,'Galaxy S8', 'black', 3298.00, 5);
INSERT INTO PRODUCT (BRANDID,CATHEGORYID,NAME,COLOR,PRICE,GRADE) VALUES(3,1,'G6', 'Black', 2099.00, 4);
INSERT INTO PRODUCT (BRANDID,CATHEGORYID,NAME,COLOR,PRICE,GRADE) VALUES(2,1,'Xperia XZ', 'Black', 2999.00, 5);

INSERT INTO LOCALIZATION (PRODUCTID,CITY,STREET,AVAIL,QUANTITY) VALUES(2,'Lodz','Kolumny 6/36', 1, 20);
INSERT INTO LOCALIZATION (PRODUCTID,CITY,STREET,AVAIL,QUANTITY) VALUES(3,'Lodz','Kolumny 6/36', 1, 12);
INSERT INTO LOCALIZATION (PRODUCTID,CITY,STREET,AVAIL,QUANTITY) VALUES(1,'Lodz','Kolumny 6/36', 1, 10);

INSERT INTO PARAMS_TYPES (NAME) VALUES('Screen');
INSERT INTO PARAMS_TYPES (NAME) VALUES('Camera');
INSERT INTO PARAMS_TYPES (NAME) VALUES('Memory');
INSERT INTO PARAMS_TYPES (NAME) VALUES('Battery');

INSERT INTO PARAMS (PRODUCTID,PARAMSTYPESID, VALUE) VALUES(1,1,'5.8, HD+, Proporcje: 18.5:9');
INSERT INTO PARAMS (PRODUCTID,PARAMSTYPESID, VALUE) VALUES(1,2,'Rear: 12MP, FRONT: 8MP');
INSERT INTO PARAMS (PRODUCTID,PARAMSTYPESID, VALUE) VALUES(1,3,'Internal: 64GB');
INSERT INTO PARAMS (PRODUCTID,PARAMSTYPESID, VALUE) VALUES(1,3,'3000 mAh');

INSERT INTO PARAMS (PRODUCTID,PARAMSTYPESID, VALUE) VALUES(2,1,'5.5, 4K HDR , Proporcje: 16:9');
INSERT INTO PARAMS (PRODUCTID,PARAMSTYPESID, VALUE) VALUES(2,2,'Rear: 19MP, Front: 13MP');
INSERT INTO PARAMS (PRODUCTID,PARAMSTYPESID, VALUE) VALUES(2,3,'Internal: 64GB');
INSERT INTO PARAMS (PRODUCTID,PARAMSTYPESID, VALUE) VALUES(2,3,'3230 mAh');

INSERT INTO PARAMS (PRODUCTID,PARAMSTYPESID, VALUE) VALUES(3,1,'5.7, Gorilla Glass 3, Proporcje: 18:9');
INSERT INTO PARAMS (PRODUCTID,PARAMSTYPESID, VALUE) VALUES(3,2,'Rear: DUAL 13MP, Front: 5MP');
INSERT INTO PARAMS (PRODUCTID,PARAMSTYPESID, VALUE) VALUES(3,3,'Internal: 32GB');
INSERT INTO PARAMS (PRODUCTID,PARAMSTYPESID, VALUE) VALUES(3,3,'3300 mAh');

INSERT INTO PARAMS_CATHEGORY (CATHEGORYID, PARAMSTYPESID) VALUES(1,1);
INSERT INTO PARAMS_CATHEGORY (CATHEGORYID, PARAMSTYPESID) VALUES(1,2);
INSERT INTO PARAMS_CATHEGORY (CATHEGORYID, PARAMSTYPESID) VALUES(1,3);
INSERT INTO PARAMS_CATHEGORY (CATHEGORYID, PARAMSTYPESID) VALUES(1,4);
